Company Name,Email,Outreach Category,Priority Score,MX Status,Website,Location,Job Roles Listed,Source Page
Pratiti,hr@pratititech.com,Tier 1: HR & Talent Target,100,Valid - MX confirmed,https://pratititech.com,,,https://pratititech.com/jobs
Pratiti,careers@pratititech.com,Tier 1: HR & Talent Target,100,Valid - MX confirmed,https://pratititech.com,,,https://pratititech.com/join-us
Codvo.ai,careers@codvo.ai,Tier 1: HR & Talent Target,95,Valid - MX confirmed,https://www.codvo.ai,,,Manual Search
NeuraMach.AI,careers@neuramach.ai,Tier 1: HR & Talent Target,95,Valid - MX confirmed,https://www.neuramach.ai,,,Manual Search
ProRelix Research,career@prorelixresearch.com,Tier 1: HR & Talent Target,95,Valid - MX confirmed,https://prorelixresearch.com,,,Manual Search
UrbanRoof Private Limited,info@foxscan.in,Unverified / Invalid MX,68,Domain mismatch,https://urbanroof.in,"Baner, Pune, Maharashtra",AI/ML Intern,https://urbanroof.in/contact
Foxberry Technology Pvt Ltd,info@foxberry.in,Unverified / Invalid MX,65,Domain mismatch,https://foxberry.ai,"Pune, Maharashtra",AI/ML Intern,https://foxberry.ai
SAZ Music,info@sazglobal.in,Tier 2: General Company Target,63,Valid - MX confirmed,https://sazglobal.in,,,https://sazglobal.in
Safalta Setu,info@safalata.in,Unverified / Invalid MX,63,Domain mismatch,https://safaltaclass.in,,,https://safaltaclass.in/privacy-policy
Pratiti,contact@pratititech.com,Tier 2: General Company Target,60,Valid - MX confirmed,https://pratititech.com,,,https://pratititech.com/careers
Dream Catalyzer,support.in@dreame.tech,Unverified / Invalid MX,58,Domain mismatch,https://in.dreametech.com,,,https://in.dreametech.com
KelAI,contact@kelaitech.com,Unverified / Invalid MX,58,Domain mismatch,https://kelai.capital,Fulltime,The AI Quant: Autonomous Alpha Engine for Funds and Traders.,https://kelai.capital/contact
Mantra Yoga And Meditation School,mantrayogmeditation@gmail.com,Unverified / Invalid MX,58,Domain mismatch,https://mantrayogameditation.org,,,https://mantrayogameditation.org
Career Solutions,serviceteam@careerboard.in,Tier 1: HR & Talent Target,55,Valid - MX confirmed,https://careerboard.in,Chennai,Machine Learning,https://careerboard.in/jobs
DeepThought CultureTech Ventures Private Limited,sample@mail.com,Unverified / Invalid MX,55,Domain mismatch,https://deepthought.education,,,https://deepthought.education/careers
Discovr AI,name@company.com,Unverified / Invalid MX,55,Domain mismatch,https://getdiscovr.ai,"Mumbai, Bangalore, Bangalore, Mumbai",Talent Acquisition | Brand Partnership (Inside Sales) | Influencer Marketing,https://getdiscovr.ai/careers
Pocket,c3ab8514873549d5b3785ebc7fb83c80@o1069899.ingest.sentry.io,Unverified / Invalid MX,55,Domain mismatch,https://getpocket.com,Fulltime,Take Notes in the Real World,https://getpocket.com/jobs
Pocket,life@moz-konstantina-papadea-600x330.png,Avoid (Non-Hiring / Security / Legal),55,Syntax OK - MX check failed,https://getpocket.com,Fulltime,Take Notes in the Real World,https://getpocket.com/jobs
Pratiti,pavan-kulkarni@siemens.com,Unverified / Invalid MX,55,Domain mismatch,https://pratititech.com,,,https://pratititech.com/join-us
QuickHyre,email@gmail.com,Unverified / Invalid MX,55,Domain mismatch,https://quickhyre.ai,,,https://quickhyre.ai/jobs
Abhishek Agarwal,hi@inspiro.com,Unverified / Invalid MX,53,Domain mismatch,https://abhishekagarwalarts.com,,,https://abhishekagarwalarts.com/contact
Discovr AI,hello@getdiscovr.ai,Tier 2: General Company Target,53,Valid - MX confirmed,https://getdiscovr.ai,"Mumbai, Bangalore, Bangalore, Mumbai",Talent Acquisition | Brand Partnership (Inside Sales) | Influencer Marketing,https://getdiscovr.ai/careers
Hunt Digital Media,grievance.officer@dailyhunt.in,Avoid (Non-Hiring / Security / Legal),53,Valid - MX confirmed,https://m.dailyhunt.in,Mumbai,Field Sales Executive - Dealer Acquisition (Field Based Role) (MUMBAI),https://m.dailyhunt.in/privacy
Mantra Yoga And Meditation School,namaskar@mantrayogameditation.org,Tier 2: Direct Contact Email,53,Valid - MX confirmed,https://mantrayogameditation.org,,,https://mantrayogameditation.org/contact
OneSignal,security@onesignal.com,Avoid (Non-Hiring / Security / Legal),53,Valid - MX confirmed,https://onesignal.com,Fulltime,Engage customers through personalized omni-channel messaging,https://onesignal.com/privacy
Parallel Learning,privacy@parallels.comn,Avoid (Non-Hiring / Security / Legal),53,Syntax OK - MX check failed,https://www.parallels.com,Pune,Animation,https://www.parallels.com/privacy
Parallel Learning,privacy@parallels.com,Avoid (Non-Hiring / Security / Legal),53,Valid - MX confirmed,https://www.parallels.com,Pune,Animation,https://www.parallels.com/privacy
"PerfectBit, Inc.",research@perfectbit.ai,Tier 2: Direct Contact Email,53,Valid - MX confirmed,https://perfectbit.ai,Fulltime,Correct by construction AI training data,https://perfectbit.ai/contact
Pratiti,%20contact@pratititech.com,Tier 2: General Company Target,53,Valid - MX confirmed,https://pratititech.com,,,https://pratititech.com/privacy-policy
SqM Technologies,example@email.com,Avoid (Non-Hiring / Security / Legal),53,Domain mismatch,https://sqm.com,,,https://sqm.com/press
ACURON AI SOLUTIONS,contact@acuronai.com,Tier 2: General Company Target,50,Valid - MX confirmed,https://www.acuronai.com,"Pimpri-Chinchwad, Maharashtra",AI/ML Intern,https://www.acuronai.com
Aadi Foundation,support@aadifoundation.com,Tier 2: General Company Target,50,Valid - MX confirmed,https://www.aadifoundation.com,"Delhi, Work from home",AI Agent Development | AI Trainer | AI Consultant,https://www.aadifoundation.com/contact-us
Abhishek Agarwal,hi@agarwalarts.com,Unverified / Invalid MX,50,Domain mismatch,https://abhishekagarwalarts.com,,,https://abhishekagarwalarts.com/contact
Abhishek Agarwal,hi@agarwalarts.comfollow,Unverified / Invalid MX,50,Syntax OK - MX check failed,https://abhishekagarwalarts.com,,,https://abhishekagarwalarts.com/contact
Ace Of Ads LLP,hyderabad@aceenggacademy.com,Tier 2: Direct Contact Email,50,Valid - MX confirmed,https://www.aceenggacademy.com,,,https://www.aceenggacademy.com/privacy
AutomationEdge,info@automationedge.com,Tier 2: General Company Target,50,Valid - MX confirmed,https://automationedge.com,"Pune, Maharashtra",GenAI / Document AI Intern / Fresher,https://automationedge.com/careers
BIOCELL,info@biocell.in,Tier 2: General Company Target,50,Valid - MX confirmed,https://biocell.in,Pune(Hybrid),Business Development (Sales),https://biocell.in
Basti Ki Pathshala Foundation,name@example.com,Avoid (Non-Hiring / Security / Legal),50,Syntax OK - MX check failed,https://basti.nic.in,Work from home,Machine Learning | Artificial Intelligence (AI),https://basti.nic.in
BeyondWalls,support@beyondwalls.com,Tier 2: General Company Target,50,Valid - MX confirmed,https://www.beyondwalls.com,,,https://www.beyondwalls.com
Black Mamba Jewellery,support@blackmambajewellery.com,Tier 2: General Company Target,50,Valid - MX confirmed,https://www.blackmambajewellery.com,,,https://www.blackmambajewellery.com
Career Solutions,your@email.com,Unverified / Invalid MX,50,Domain mismatch,https://careerboard.in,Chennai,Machine Learning,https://careerboard.in/contact
Celer Commerce Private Limited,info@celer.network,Tier 2: General Company Target,50,Valid - MX confirmed,https://celer.network,,,https://celer.network
Cloud Back,fpo@1x.mp,Unverified / Invalid MX,50,Syntax OK - MX check failed,https://www.icloud.com,Work from home,Machine Learning,https://www.icloud.com
Datachamps Private Limited,sales@datachamps.ai,Tier 2: Direct Contact Email,50,Valid - MX confirmed,https://datachamps.ai,,,https://datachamps.ai/contact-us
EDIT Institute,example@domain.com,Avoid (Non-Hiring / Security / Legal),50,Domain mismatch,https://edit.video,,,https://edit.video/contact
Emoolar Technology Private Limited,info@emoolar.com,Tier 2: General Company Target,50,Valid - MX confirmed,https://www.emoolar.com,Work from home,Artificial Intelligence (AI) | Data Science,https://www.emoolar.com
FarmDidi,careers@farmdidi.com,Tier 1: HR & Talent Target,50,Valid - MX confirmed,https://www.farmdidi.com,Pune,Content Creation,https://www.farmdidi.com
Gharpayy,TEAM@gharpayy.com,Tier 2: General Company Target,50,Valid - MX confirmed,https://www.gharpayy.com,Bangalore,Operations,https://www.gharpayy.com
Happi Planet,hello@happi-planet.com,Tier 2: General Company Target,50,Valid - MX confirmed,https://www.happi-planet.com,,,https://www.happi-planet.com/careers
Hare & Turtle AI Solutions,you@company.com,Unverified / Invalid MX,50,Domain mismatch,https://www.hareandturtle.ai,,,https://www.hareandturtle.ai
Hare & Turtle AI Solutions,john@example.com,Avoid (Non-Hiring / Security / Legal),50,Syntax OK - MX check failed,https://www.hareandturtle.ai,,,https://www.hareandturtle.ai/about
Hare & Turtle AI Solutions,privacy@hareandturtle.ai,Avoid (Non-Hiring / Security / Legal),50,Valid - MX confirmed,https://www.hareandturtle.ai,,,https://www.hareandturtle.ai/privacy-policy
Hive,help@hive.com,Tier 2: Direct Contact Email,50,Valid - MX confirmed,https://hive.com,Fulltime,"Marketing automation for event promoters (email, sms, ads, CRM)",https://hive.com/contact-us
Hunt Digital Media,grievance.officer@eternoinfo.com,Avoid (Non-Hiring / Security / Legal),50,Domain mismatch,https://m.dailyhunt.in,Mumbai,Field Sales Executive - Dealer Acquisition (Field Based Role) (MUMBAI),https://m.dailyhunt.in/privacy
IMocha,contact@imocha.io,Tier 2: General Company Target,50,Valid - MX confirmed,https://www.imocha.io,,,https://www.imocha.io
INFRAHUB TECHNOLOGIES PVT LTD,info@infrahub.ai,Tier 2: General Company Target,50,Valid - MX confirmed,https://www.infrahub.ai,,,https://www.infrahub.ai
Internet Innovations India Private Limited,support@deshkal.in,Unverified / Invalid MX,50,Domain mismatch,https://www.ginternet.in,,,https://www.ginternet.in
Kundan Consumer Goods LLP,info@kundanmineralsandmetals.com,Tier 2: General Company Target,50,Valid - MX confirmed,https://www.kundanmineralsandmetals.com,,,https://www.kundanmineralsandmetals.com
LumiByte Private Limited,aditya@lumibyte.ai,Tier 2: Direct Contact Email,50,Valid - MX confirmed,https://lumibyte.ai,,,https://lumibyte.ai
Maxgen Technologies Private Limited,info@maxgentechnologies.com,Tier 2: General Company Target,50,Valid - MX confirmed,https://maxgentechnologies.com,Ahmedabad,Machine Learning | Data Science,https://maxgentechnologies.com/contact
NayePankh Foundation,contact@nayepankh.com,Tier 2: General Company Target,50,Valid - MX confirmed,https://nayepankh.com,Work from home,Machine Learning,https://nayepankh.com
Noora Health,people@noorahealth.org,Tier 1: HR & Talent Target,50,Valid - MX confirmed,https://noorahealth.org,Fulltime,Training patients and their families with health skills,https://noorahealth.org/careers
Parallel Learning,accounts.receivable@corel.com,Avoid (Non-Hiring / Security / Legal),50,Domain mismatch,https://www.parallels.com,Pune,Animation,https://www.parallels.com/privacy
Payna,hello@payna.com,Tier 2: General Company Target,50,Valid - MX confirmed,https://payna.com,,,https://payna.com
"PerfectBit, Inc.",alex@frontier.ai,Unverified / Invalid MX,50,Syntax OK - MX check failed,https://perfectbit.ai,Fulltime,Correct by construction AI training data,https://perfectbit.ai/contact
Ploy,you@company.com,Unverified / Invalid MX,50,Domain mismatch,https://ploy.ai,,,https://ploy.ai
Plutus Consulting,support@plutuseducation.com,Tier 2: General Company Target,50,Valid - MX confirmed,https://plutuseducation.com,,,https://plutuseducation.com
Pocket,pocket_appicon_@144.png,Avoid (Non-Hiring / Security / Legal),50,Syntax OK - MX check failed,https://getpocket.com,Fulltime,Take Notes in the Real World,https://getpocket.com
Pocket,pocket_appicon_@57.png,Avoid (Non-Hiring / Security / Legal),50,Syntax OK - MX check failed,https://getpocket.com,Fulltime,Take Notes in the Real World,https://getpocket.com
Pocket,pocket_appicon_@72.png,Avoid (Non-Hiring / Security / Legal),50,Syntax OK - MX check failed,https://getpocket.com,Fulltime,Take Notes in the Real World,https://getpocket.com
Pocket,pocket_appicon_@114.png,Avoid (Non-Hiring / Security / Legal),50,Syntax OK - MX check failed,https://getpocket.com,Fulltime,Take Notes in the Real World,https://getpocket.com
Prociti,kishan@prociti.co.in,Tier 2: Direct Contact Email,50,Valid - MX confirmed,https://prociti.co.in,,,https://prociti.co.in
Quantazone,careers@quantazone.com,Tier 1: HR & Talent Target,50,Valid - MX confirmed,https://quantazone.com,,,https://quantazone.com/contact
QuickHyre,partner@quickhyre.ai,Tier 2: General Company Target,50,Valid - MX confirmed,https://quickhyre.ai,,,https://quickhyre.ai
Safalta Setu,shraddha@safalata.net,Unverified / Invalid MX,50,Domain mismatch,https://safaltaclass.in,,,https://safaltaclass.in/contact
Scenholm Labs,hello@scenholm.com,Tier 2: General Company Target,50,Valid - MX confirmed,https://scenholm.com,,,https://scenholm.com
She Can Foundation,president@shecanfoundation.org,Tier 2: Direct Contact Email,50,Valid - MX confirmed,https://shecanfoundation.org,Work from home,Machine Learning | AI Agent Development | Prompt Engineering | AI Data Analytics,https://shecanfoundation.org
Sid's Farm,office@fsid-iisc.in,Tier 2: Direct Contact Email,50,Valid - MX confirmed,https://www.fsid-iisc.in,,,https://www.fsid-iisc.in
Specter Products LLP,info@specterr.com,Tier 2: General Company Target,50,Valid - MX confirmed,https://specterr.com,Mumbai,Founders Office,https://specterr.com
Srujan Infotech,helpdesk@srujan-infotech.com,Unverified / Invalid MX,50,Domain mismatch,http://www.srujan-infotech.in,,,http://www.srujan-infotech.in
Superset,sales@joinsuperset.com,Tier 2: Direct Contact Email,50,Valid - MX confirmed,https://joinsuperset.com,Fulltime,Building the platform for software factories,https://joinsuperset.com
Surat Jugaad,name@example.com,Avoid (Non-Hiring / Security / Legal),50,Syntax OK - MX check failed,https://surat.nic.in,Surat,Social Media Marketing,https://surat.nic.in
UrbanRoof Private Limited,blackcheriemedia@gmail.com,Unverified / Invalid MX,50,Domain mismatch,https://urbanroof.in,"Baner, Pune, Maharashtra",AI/ML Intern,https://urbanroof.in
Vaibhav Wakade,info@vaibhavjewellers.in,Unverified / Invalid MX,50,Domain mismatch,https://www.vaibhavjewellers.com,,,https://www.vaibhavjewellers.com
Vega Visionary Training FZE,customercare@vegaauto.com,Avoid (Non-Hiring / Security / Legal),50,Valid - MX confirmed,https://vegaauto.com,,,https://vegaauto.com
Ventura,complaints@venturasecurities.com,Avoid (Non-Hiring / Security / Legal),50,Valid - MX confirmed,https://www.venturasecurities.com,Fulltime,AI Workforce for Distributors and Manufacturers,https://www.venturasecurities.com
Viavize Ventures LLP,you@company.com,Unverified / Invalid MX,50,Domain mismatch,https://viavize.com,,,https://viavize.com
WittyPen,hello@wittypen.com,Tier 2: General Company Target,50,Valid - MX confirmed,https://wittypen.com,,,https://wittypen.com/contact-us
amber,contact@amberstudent.com,Tier 2: General Company Target,50,Valid - MX confirmed,https://amberstudent.com,,,https://amberstudent.com/about
nCircle Tech,info@ncircletech.com,Tier 2: General Company Target,50,Valid - MX confirmed,https://ncircletech.com,,,https://ncircletech.com
Career Solutions,admin@careerboard.in,Tier 1: HR & Talent Target,45,Valid - MX confirmed,https://careerboard.in,Chennai,Machine Learning,https://careerboard.in/jobs
Discovr AI,support@getdiscovr.ai,Tier 2: General Company Target,40,Valid - MX confirmed,https://getdiscovr.ai,"Mumbai, Bangalore, Bangalore, Mumbai",Talent Acquisition | Brand Partnership (Inside Sales) | Influencer Marketing,https://getdiscovr.ai/careers
QuickHyre,support@quickhyre.ai,Tier 2: General Company Target,35,Valid - MX confirmed,https://quickhyre.ai,,,https://quickhyre.ai
SAZ Music,sales@sazglobal.in,Tier 2: Direct Contact Email,28,Valid - MX confirmed,https://sazglobal.in,,,https://sazglobal.in
Parallel Learning,press@parallels.com,Avoid (Non-Hiring / Security / Legal),18,Valid - MX confirmed,https://www.parallels.com,Pune,Animation,https://www.parallels.com/press
Ploy,legal@ploy.ai,Avoid (Non-Hiring / Security / Legal),13,Valid - MX confirmed,https://ploy.ai,,,https://ploy.ai/privacy
