Company,Website,Email,Priority Score,MX Status,Page Found,Category,New/Existing
ACURON AI SOLUTIONS,https://www.acuronai.com,contact@acuronai.com,50,Valid - MX confirmed,https://www.acuronai.com,Uncategorized,Existing
Aadi Foundation,https://www.aadifoundation.com,support@aadifoundation.com,50,Valid - MX confirmed,https://www.aadifoundation.com/contact-us,Uncategorized,Existing
Abhishek Agarwal,https://abhishekagarwalarts.com,hi@inspiro.com,53,Domain mismatch,https://abhishekagarwalarts.com/contact,Uncategorized,Existing
Abhishek Agarwal,https://abhishekagarwalarts.com,hi@agarwalarts.com,50,Domain mismatch,https://abhishekagarwalarts.com/contact,Uncategorized,Existing
Abhishek Agarwal,https://abhishekagarwalarts.com,hi@agarwalarts.comfollow,50,Syntax OK - MX check failed,https://abhishekagarwalarts.com/contact,Uncategorized,Existing
Ace Of Ads LLP,https://www.aceenggacademy.com,hyderabad@aceenggacademy.com,50,Valid - MX confirmed,https://www.aceenggacademy.com/privacy,Uncategorized,Existing
AutomationEdge,https://automationedge.com,info@automationedge.com,50,Valid - MX confirmed,https://automationedge.com/careers,Uncategorized,Existing
BIOCELL,https://biocell.in,info@biocell.in,50,Valid - MX confirmed,https://biocell.in,Uncategorized,Existing
Basti Ki Pathshala Foundation,https://basti.nic.in,name@example.com,50,Syntax OK - MX check failed,https://basti.nic.in,Uncategorized,Existing
BeyondWalls,https://www.beyondwalls.com,support@beyondwalls.com,50,Valid - MX confirmed,https://www.beyondwalls.com,Uncategorized,Existing
Black Mamba Jewellery,https://www.blackmambajewellery.com,support@blackmambajewellery.com,50,Valid - MX confirmed,https://www.blackmambajewellery.com,Uncategorized,Existing
Career Solutions,https://careerboard.in,serviceteam@careerboard.in,55,Valid - MX confirmed,https://careerboard.in/jobs,Uncategorized,Existing
Career Solutions,https://careerboard.in,your@email.com,50,Domain mismatch,https://careerboard.in/contact,Uncategorized,Existing
Career Solutions,https://careerboard.in,admin@careerboard.in,45,Valid - MX confirmed,https://careerboard.in/jobs,Uncategorized,Existing
Celer Commerce Private Limited,https://celer.network,info@celer.network,50,Valid - MX confirmed,https://celer.network,Uncategorized,Existing
Cloud Back,https://www.icloud.com,fpo@1x.mp,50,Syntax OK - MX check failed,https://www.icloud.com,Uncategorized,Existing
Codeatrix,https://codeatrix.com,admin@codeatrix.com,40,Valid - MX confirmed,https://codeatrix.com,Uncategorized,New
Codvo.ai,https://www.codvo.ai,careers@codvo.ai,95,Valid - MX confirmed,Manual Search,Uncategorized,Existing
Datachamps Private Limited,https://datachamps.ai,sales@datachamps.ai,50,Valid - MX confirmed,https://datachamps.ai/contact-us,Uncategorized,Existing
DeepThought CultureTech Ventures Private Limited,https://deepthought.education,sample@mail.com,55,Domain mismatch,https://deepthought.education/careers,Healthcare,Existing
Discovr AI,https://getdiscovr.ai,name@company.com,55,Domain mismatch,https://getdiscovr.ai/careers,Uncategorized,Existing
Discovr AI,https://getdiscovr.ai,hello@getdiscovr.ai,53,Valid - MX confirmed,https://getdiscovr.ai/careers,Uncategorized,Existing
Discovr AI,https://getdiscovr.ai,support@getdiscovr.ai,40,Valid - MX confirmed,https://getdiscovr.ai/careers,Uncategorized,Existing
Dream Catalyzer,https://in.dreametech.com,support.in@dreame.tech,58,Domain mismatch,https://in.dreametech.com,Uncategorized,Existing
EDIT Institute,https://edit.video,example@domain.com,50,Domain mismatch,https://edit.video/contact,Uncategorized,Existing
Emoolar Technology Private Limited,https://www.emoolar.com,info@emoolar.com,50,Valid - MX confirmed,https://www.emoolar.com,Uncategorized,Existing
FarmDidi,https://www.farmdidi.com,careers@farmdidi.com,50,Valid - MX confirmed,https://www.farmdidi.com,Uncategorized,Existing
Foxberry Technology Pvt Ltd,https://foxberry.ai,info@foxberry.in,65,Domain mismatch,https://foxberry.ai,Uncategorized,Existing
Gharpayy,https://www.gharpayy.com,TEAM@gharpayy.com,50,Valid - MX confirmed,https://www.gharpayy.com,Uncategorized,Existing
Happi Planet,https://www.happi-planet.com,hello@happi-planet.com,50,Valid - MX confirmed,https://www.happi-planet.com/careers,Uncategorized,Existing
Hare & Turtle AI Solutions,https://www.hareandturtle.ai,you@company.com,50,Domain mismatch,https://www.hareandturtle.ai,AI,Existing
Hare & Turtle AI Solutions,https://www.hareandturtle.ai,john@example.com,50,Syntax OK - MX check failed,https://www.hareandturtle.ai/about,AI,Existing
Hare & Turtle AI Solutions,https://www.hareandturtle.ai,privacy@hareandturtle.ai,50,Valid - MX confirmed,https://www.hareandturtle.ai/privacy-policy,AI,Existing
Hive,https://hive.com,help@hive.com,50,Valid - MX confirmed,https://hive.com/contact-us,Uncategorized,Existing
Hunt Digital Media,https://m.dailyhunt.in,grievance.officer@dailyhunt.in,53,Valid - MX confirmed,https://m.dailyhunt.in/privacy,Uncategorized,Existing
Hunt Digital Media,https://m.dailyhunt.in,grievance.officer@eternoinfo.com,50,Domain mismatch,https://m.dailyhunt.in/privacy,Uncategorized,Existing
IMocha,https://www.imocha.io,contact@imocha.io,50,Valid - MX confirmed,https://www.imocha.io,Uncategorized,Existing
INFRAHUB TECHNOLOGIES PVT LTD,https://www.infrahub.ai,info@infrahub.ai,50,Valid - MX confirmed,https://www.infrahub.ai,Uncategorized,Existing
Internet Innovations India Private Limited,https://www.ginternet.in,support@deshkal.in,50,Domain mismatch,https://www.ginternet.in,Uncategorized,Existing
KelAI,https://kelai.capital,contact@kelaitech.com,58,Domain mismatch,https://kelai.capital/contact,Uncategorized,Existing
Kundan Consumer Goods LLP,https://www.kundanmineralsandmetals.com,info@kundanmineralsandmetals.com,50,Valid - MX confirmed,https://www.kundanmineralsandmetals.com,Uncategorized,Existing
LumiByte Private Limited,https://lumibyte.ai,aditya@lumibyte.ai,50,Valid - MX confirmed,https://lumibyte.ai,Uncategorized,Existing
Mantra Yoga And Meditation School,https://mantrayogameditation.org,mantrayogmeditation@gmail.com,58,Domain mismatch,https://mantrayogameditation.org,Uncategorized,Existing
Mantra Yoga And Meditation School,https://mantrayogameditation.org,namaskar@mantrayogameditation.org,53,Valid - MX confirmed,https://mantrayogameditation.org/contact,Uncategorized,Existing
Maxgen Technologies Private Limited,https://maxgentechnologies.com,info@maxgentechnologies.com,50,Valid - MX confirmed,https://maxgentechnologies.com/contact,Uncategorized,Existing
NayePankh Foundation,https://nayepankh.com,contact@nayepankh.com,50,Valid - MX confirmed,https://nayepankh.com,Uncategorized,Existing
NeuraMach.AI,https://www.neuramach.ai,careers@neuramach.ai,95,Valid - MX confirmed,Manual Search,Uncategorized,Existing
Noora Health,https://noorahealth.org,people@noorahealth.org,50,Valid - MX confirmed,https://noorahealth.org/careers,Uncategorized,Existing
OneSignal,https://onesignal.com,security@onesignal.com,53,Valid - MX confirmed,https://onesignal.com/privacy,FinTech,Existing
Parallel Learning,https://www.parallels.com,privacy@parallels.comn,53,Syntax OK - MX check failed,https://www.parallels.com/privacy,Uncategorized,Existing
Parallel Learning,https://www.parallels.com,privacy@parallels.com,53,Valid - MX confirmed,https://www.parallels.com/privacy,Uncategorized,Existing
Parallel Learning,https://www.parallels.com,accounts.receivable@corel.com,50,Domain mismatch,https://www.parallels.com/privacy,Uncategorized,Existing
Parallel Learning,https://www.parallels.com,press@parallels.com,18,Valid - MX confirmed,https://www.parallels.com/press,Uncategorized,Existing
Payna,https://payna.com,hello@payna.com,50,Valid - MX confirmed,https://payna.com,Uncategorized,Existing
"PerfectBit, Inc.",https://perfectbit.ai,research@perfectbit.ai,53,Valid - MX confirmed,https://perfectbit.ai/contact,Uncategorized,Existing
"PerfectBit, Inc.",https://perfectbit.ai,alex@frontier.ai,50,Syntax OK - MX check failed,https://perfectbit.ai/contact,Uncategorized,Existing
Ploy,https://ploy.ai,you@company.com,50,Domain mismatch,https://ploy.ai,Uncategorized,Existing
Ploy,https://ploy.ai,legal@ploy.ai,13,Valid - MX confirmed,https://ploy.ai/privacy,Uncategorized,Existing
Plutus Consulting,https://plutuseducation.com,support@plutuseducation.com,50,Valid - MX confirmed,https://plutuseducation.com,Uncategorized,Existing
Pocket,https://getpocket.com,c3ab8514873549d5b3785ebc7fb83c80@o1069899.ingest.sentry.io,55,Domain mismatch,https://getpocket.com/jobs,Uncategorized,Existing
Pocket,https://getpocket.com,life@moz-konstantina-papadea-600x330.png,55,Syntax OK - MX check failed,https://getpocket.com/jobs,Uncategorized,Existing
Pocket,https://getpocket.com,pocket_appicon_@144.png,50,Syntax OK - MX check failed,https://getpocket.com,Uncategorized,Existing
Pocket,https://getpocket.com,pocket_appicon_@57.png,50,Syntax OK - MX check failed,https://getpocket.com,Uncategorized,Existing
Pocket,https://getpocket.com,pocket_appicon_@72.png,50,Syntax OK - MX check failed,https://getpocket.com,Uncategorized,Existing
Pocket,https://getpocket.com,pocket_appicon_@114.png,50,Syntax OK - MX check failed,https://getpocket.com,Uncategorized,Existing
Pratiti,https://pratititech.com,hr@pratititech.com,100,Valid - MX confirmed,https://pratititech.com/jobs,Uncategorized,Existing
Pratiti,https://pratititech.com,careers@pratititech.com,100,Valid - MX confirmed,https://pratititech.com/join-us,Uncategorized,Existing
Pratiti,https://pratititech.com,contact@pratititech.com,60,Valid - MX confirmed,https://pratititech.com/careers,Uncategorized,Existing
Pratiti,https://pratititech.com,pavan-kulkarni@siemens.com,55,Domain mismatch,https://pratititech.com/join-us,Uncategorized,Existing
Pratiti,https://pratititech.com,%20contact@pratititech.com,53,Valid - MX confirmed,https://pratititech.com/privacy-policy,Uncategorized,Existing
ProRelix Research,https://prorelixresearch.com,career@prorelixresearch.com,95,Valid - MX confirmed,Manual Search,Uncategorized,Existing
Prociti,https://prociti.co.in,kishan@prociti.co.in,50,Valid - MX confirmed,https://prociti.co.in,Uncategorized,Existing
Quantazone,https://quantazone.com,careers@quantazone.com,50,Valid - MX confirmed,https://quantazone.com/contact,Uncategorized,Existing
QuickHyre,https://quickhyre.ai,email@gmail.com,55,Domain mismatch,https://quickhyre.ai/jobs,AI,Existing
QuickHyre,https://quickhyre.ai,partner@quickhyre.ai,50,Valid - MX confirmed,https://quickhyre.ai,AI,Existing
QuickHyre,https://quickhyre.ai,support@quickhyre.ai,35,Valid - MX confirmed,https://quickhyre.ai,AI,Existing
SAZ Music,https://sazglobal.in,info@sazglobal.in,63,Valid - MX confirmed,https://sazglobal.in,Uncategorized,Existing
SAZ Music,https://sazglobal.in,sales@sazglobal.in,28,Valid - MX confirmed,https://sazglobal.in,Uncategorized,Existing
Safalta Setu,https://safaltaclass.in,info@safalata.in,63,Domain mismatch,https://safaltaclass.in/privacy-policy,Uncategorized,Existing
Safalta Setu,https://safaltaclass.in,shraddha@safalata.net,50,Domain mismatch,https://safaltaclass.in/contact,Uncategorized,Existing
Scenholm Labs,https://scenholm.com,hello@scenholm.com,50,Valid - MX confirmed,https://scenholm.com,Uncategorized,Existing
She Can Foundation,https://shecanfoundation.org,president@shecanfoundation.org,50,Valid - MX confirmed,https://shecanfoundation.org,Uncategorized,Existing
Sid's Farm,https://www.fsid-iisc.in,office@fsid-iisc.in,50,Valid - MX confirmed,https://www.fsid-iisc.in,Uncategorized,Existing
Specter Products LLP,https://specterr.com,info@specterr.com,50,Valid - MX confirmed,https://specterr.com,Uncategorized,Existing
SqM Technologies,https://sqm.com,example@email.com,53,Domain mismatch,https://sqm.com/press,Uncategorized,Existing
Srujan Infotech,http://www.srujan-infotech.in,helpdesk@srujan-infotech.com,50,Domain mismatch,http://www.srujan-infotech.in,Automation,Existing
Superset,https://joinsuperset.com,sales@joinsuperset.com,50,Valid - MX confirmed,https://joinsuperset.com,Uncategorized,Existing
Surat Jugaad,https://surat.nic.in,name@example.com,50,Syntax OK - MX check failed,https://surat.nic.in,Uncategorized,Existing
UrbanRoof Private Limited,https://urbanroof.in,info@foxscan.in,68,Domain mismatch,https://urbanroof.in/contact,Uncategorized,Existing
UrbanRoof Private Limited,https://urbanroof.in,blackcheriemedia@gmail.com,50,Domain mismatch,https://urbanroof.in,Uncategorized,Existing
Vaibhav Wakade,https://www.vaibhavjewellers.com,info@vaibhavjewellers.in,50,Domain mismatch,https://www.vaibhavjewellers.com,Uncategorized,Existing
Vega Visionary Training FZE,https://vegaauto.com,customercare@vegaauto.com,50,Valid - MX confirmed,https://vegaauto.com,Uncategorized,Existing
Ventura,https://www.venturasecurities.com,complaints@venturasecurities.com,50,Valid - MX confirmed,https://www.venturasecurities.com,Uncategorized,Existing
Viavize Ventures LLP,https://viavize.com,you@company.com,50,Domain mismatch,https://viavize.com,Uncategorized,Existing
WittyPen,https://wittypen.com,hello@wittypen.com,50,Valid - MX confirmed,https://wittypen.com/contact-us,Uncategorized,Existing
amber,https://amberstudent.com,contact@amberstudent.com,50,Valid - MX confirmed,https://amberstudent.com/about,Uncategorized,Existing
nCircle Tech,https://ncircletech.com,info@ncircletech.com,50,Valid - MX confirmed,https://ncircletech.com,Uncategorized,Existing
