Company,Website,Email,Priority Score,MX Status,Hiring For,Location,Source
Pratiti,https://pratititech.com,hr@pratititech.com,100,Valid - MX confirmed,Market Research,,Internshala
Mantra Yoga And Meditation School,https://mantrayogameditation.org,namaskar@mantrayogameditation.org,53,Valid - MX confirmed,Digital Marketing & Video Editing,,Internshala
Parallel Learning,https://www.parallels.com,privacy@parallels.com,53,Valid - MX confirmed,Animation,,Internshala
Discovr AI,https://getdiscovr.ai,hello@getdiscovr.ai,53,Valid - MX confirmed,Brand Partnership (Inside Sales),,Internshala
She Can Foundation,https://shecanfoundation.org,president@shecanfoundation.org,50,Valid - MX confirmed,Machine Learning | AI Agent Development | Prompt Engineering | AI Data Analytics,,Internshala
Quantazone,https://quantazone.com,careers@quantazone.com,50,Valid - MX confirmed,AI Tech,,Internshala
Vega Visionary Training FZE,https://vegaauto.com,customercare@vegaauto.com,50,Valid - MX confirmed,UI/UX Designer,,Internshala
WittyPen,https://wittypen.com,hello@wittypen.com,50,Valid - MX confirmed,Graphic Design,,Internshala
Plutus Consulting,https://plutuseducation.com,support@plutuseducation.com,50,Valid - MX confirmed,AI Engineer,,Internshala
BIOCELL,https://biocell.in,info@biocell.in,50,Valid - MX confirmed,Business Development (Sales),,Internshala
Gharpayy,https://www.gharpayy.com,TEAM@gharpayy.com,50,Valid - MX confirmed,Operations,,Internshala
Happi Planet,https://www.happi-planet.com,hello@happi-planet.com,50,Valid - MX confirmed,Finance,,Internshala
Kundan Consumer Goods LLP,https://www.kundanmineralsandmetals.com,info@kundanmineralsandmetals.com,50,Valid - MX confirmed,Graphic Design,,Internshala
