Company,Website,Email,Score,Source,Category
Pratiti,https://pratititech.com,hr@pratititech.com,100,https://pratititech.com/jobs,Tier 1: Best Target (HR / Talent / Careers)
Pratiti,https://pratititech.com,careers@pratititech.com,100,https://pratititech.com/join-us,Tier 1: Best Target (HR / Talent / Careers)
ProRelix Research,https://prorelixresearch.com,career@prorelixresearch.com,95,Manual Search,Tier 1: Best Target (HR / Talent / Careers)
Codvo.ai,https://www.codvo.ai,careers@codvo.ai,95,Manual Search,Tier 1: Best Target (HR / Talent / Careers)
NeuraMach.AI,https://www.neuramach.ai,careers@neuramach.ai,95,Manual Search,Tier 1: Best Target (HR / Talent / Careers)
SAZ Music,https://sazglobal.in,info@sazglobal.in,63,https://sazglobal.in,Tier 2: Good Target (General / Direct Contact)
Pratiti,https://pratititech.com,contact@pratititech.com,60,https://pratititech.com/careers,Tier 2: Good Target (General / Direct Contact)
Career Solutions,https://careerboard.in,serviceteam@careerboard.in,55,https://careerboard.in/jobs,Tier 1: Best Target (HR / Talent / Careers)
"PerfectBit, Inc.",https://perfectbit.ai,research@perfectbit.ai,53,https://perfectbit.ai/contact,Tier 2: Direct Email
Pratiti,https://pratititech.com,%20contact@pratititech.com,53,https://pratititech.com/privacy-policy,Tier 2: Good Target (General / Direct Contact)
Discovr AI,https://getdiscovr.ai,hello@getdiscovr.ai,53,https://getdiscovr.ai/careers,Tier 2: Good Target (General / Direct Contact)
Mantra Yoga And Meditation School,https://mantrayogameditation.org,namaskar@mantrayogameditation.org,53,https://mantrayogameditation.org/contact,Tier 2: Direct Email
She Can Foundation,https://shecanfoundation.org,president@shecanfoundation.org,50,https://shecanfoundation.org,Tier 2: Direct Email
Payna,https://payna.com,hello@payna.com,50,https://payna.com,Tier 2: Good Target (General / Direct Contact)
Datachamps Private Limited,https://datachamps.ai,sales@datachamps.ai,50,https://datachamps.ai/contact-us,Tier 2: Direct Email
Superset,https://joinsuperset.com,sales@joinsuperset.com,50,https://joinsuperset.com,Tier 2: Direct Email
Happi Planet,https://www.happi-planet.com,hello@happi-planet.com,50,https://www.happi-planet.com/careers,Tier 2: Good Target (General / Direct Contact)
INFRAHUB TECHNOLOGIES PVT LTD,https://www.infrahub.ai,info@infrahub.ai,50,https://www.infrahub.ai,Tier 2: Good Target (General / Direct Contact)
Sid's Farm,https://www.fsid-iisc.in,office@fsid-iisc.in,50,https://www.fsid-iisc.in,Tier 2: Direct Email
BIOCELL,https://biocell.in,info@biocell.in,50,https://biocell.in,Tier 2: Good Target (General / Direct Contact)
Aadi Foundation,https://www.aadifoundation.com,support@aadifoundation.com,50,https://www.aadifoundation.com/contact-us,Tier 2: Good Target (General / Direct Contact)
LumiByte Private Limited,https://lumibyte.ai,aditya@lumibyte.ai,50,https://lumibyte.ai,Tier 2: Direct Email
Scenholm Labs,https://scenholm.com,hello@scenholm.com,50,https://scenholm.com,Tier 2: Good Target (General / Direct Contact)
BeyondWalls,https://www.beyondwalls.com,support@beyondwalls.com,50,https://www.beyondwalls.com,Tier 2: Good Target (General / Direct Contact)
Plutus Consulting,https://plutuseducation.com,support@plutuseducation.com,50,https://plutuseducation.com,Tier 2: Good Target (General / Direct Contact)
Kundan Consumer Goods LLP,https://www.kundanmineralsandmetals.com,info@kundanmineralsandmetals.com,50,https://www.kundanmineralsandmetals.com,Tier 2: Good Target (General / Direct Contact)
Celer Commerce Private Limited,https://celer.network,info@celer.network,50,https://celer.network,Tier 2: Good Target (General / Direct Contact)
Hive,https://hive.com,help@hive.com,50,https://hive.com/contact-us,Tier 2: Direct Email
Specter Products LLP,https://specterr.com,info@specterr.com,50,https://specterr.com,Tier 2: Good Target (General / Direct Contact)
amber,https://amberstudent.com,contact@amberstudent.com,50,https://amberstudent.com/about,Tier 2: Good Target (General / Direct Contact)
IMocha,https://www.imocha.io,contact@imocha.io,50,https://www.imocha.io,Tier 2: Good Target (General / Direct Contact)
WittyPen,https://wittypen.com,hello@wittypen.com,50,https://wittypen.com/contact-us,Tier 2: Good Target (General / Direct Contact)
ACURON AI SOLUTIONS,https://www.acuronai.com,contact@acuronai.com,50,https://www.acuronai.com,Tier 2: Good Target (General / Direct Contact)
AutomationEdge,https://automationedge.com,info@automationedge.com,50,https://automationedge.com/careers,Tier 2: Good Target (General / Direct Contact)
nCircle Tech,https://ncircletech.com,info@ncircletech.com,50,https://ncircletech.com,Tier 2: Good Target (General / Direct Contact)
Gharpayy,https://www.gharpayy.com,TEAM@gharpayy.com,50,https://www.gharpayy.com,Tier 2: Good Target (General / Direct Contact)
Black Mamba Jewellery,https://www.blackmambajewellery.com,support@blackmambajewellery.com,50,https://www.blackmambajewellery.com,Tier 2: Good Target (General / Direct Contact)
FarmDidi,https://www.farmdidi.com,careers@farmdidi.com,50,https://www.farmdidi.com,Tier 1: Best Target (HR / Talent / Careers)
NayePankh Foundation,https://nayepankh.com,contact@nayepankh.com,50,https://nayepankh.com,Tier 2: Good Target (General / Direct Contact)
Emoolar Technology Private Limited,https://www.emoolar.com,info@emoolar.com,50,https://www.emoolar.com,Tier 2: Good Target (General / Direct Contact)
Maxgen Technologies Private Limited,https://maxgentechnologies.com,info@maxgentechnologies.com,50,https://maxgentechnologies.com/contact,Tier 2: Good Target (General / Direct Contact)
Noora Health,https://noorahealth.org,people@noorahealth.org,50,https://noorahealth.org/careers,Tier 1: Best Target (HR / Talent / Careers)
Quantazone,https://quantazone.com,careers@quantazone.com,50,https://quantazone.com/contact,Tier 1: Best Target (HR / Talent / Careers)
QuickHyre,https://quickhyre.ai,partner@quickhyre.ai,50,https://quickhyre.ai,Tier 2: Good Target (General / Direct Contact)
Ace Of Ads LLP,https://www.aceenggacademy.com,hyderabad@aceenggacademy.com,50,https://www.aceenggacademy.com/privacy,Tier 2: Direct Email
Prociti,https://prociti.co.in,kishan@prociti.co.in,50,https://prociti.co.in,Tier 2: Direct Email
Career Solutions,https://careerboard.in,admin@careerboard.in,45,https://careerboard.in/jobs,Tier 1: Best Target (HR / Talent / Careers)
Discovr AI,https://getdiscovr.ai,support@getdiscovr.ai,40,https://getdiscovr.ai/careers,Tier 2: Good Target (General / Direct Contact)
QuickHyre,https://quickhyre.ai,support@quickhyre.ai,35,https://quickhyre.ai,Tier 2: Good Target (General / Direct Contact)
SAZ Music,https://sazglobal.in,sales@sazglobal.in,28,https://sazglobal.in,Tier 3: Low Priority
